{
    "name": "root",
    "gauges": {
        "MyBehavior.Policy.Entropy.mean": {
            "value": -2.2022770451712859e-07,
            "min": -2.2022770451712859e-07,
            "max": -2.2022770451712859e-07,
            "count": 1
        },
        "MyBehavior.Policy.Entropy.sum": {
            "value": -0.011022617109119892,
            "min": -0.011022617109119892,
            "max": -0.011022617109119892,
            "count": 1
        },
        "MyBehavior.Step.mean": {
            "value": 49997.0,
            "min": 49997.0,
            "max": 49997.0,
            "count": 1
        },
        "MyBehavior.Step.sum": {
            "value": 49997.0,
            "min": 49997.0,
            "max": 49997.0,
            "count": 1
        },
        "MyBehavior.Policy.ExtrinsicValueEstimate.mean": {
            "value": 371.3847961425781,
            "min": 371.3847961425781,
            "max": 371.3847961425781,
            "count": 1
        },
        "MyBehavior.Policy.ExtrinsicValueEstimate.sum": {
            "value": 1374123.75,
            "min": 1374123.75,
            "max": 1374123.75,
            "count": 1
        },
        "MyBehavior.Policy.GailValueEstimate.mean": {
            "value": -254.5665740966797,
            "min": -254.5665740966797,
            "max": -254.5665740966797,
            "count": 1
        },
        "MyBehavior.Policy.GailValueEstimate.sum": {
            "value": -941896.3125,
            "min": -941896.3125,
            "max": -941896.3125,
            "count": 1
        },
        "MyBehavior.Environment.EpisodeLength.mean": {
            "value": 12.656480218281036,
            "min": 12.656480218281036,
            "max": 12.656480218281036,
            "count": 1
        },
        "MyBehavior.Environment.EpisodeLength.sum": {
            "value": 46386.0,
            "min": 46386.0,
            "max": 46386.0,
            "count": 1
        },
        "MyBehavior.Environment.CumulativeReward.mean": {
            "value": -4.732696465367053,
            "min": -4.732696465367053,
            "max": -4.732696465367053,
            "count": 1
        },
        "MyBehavior.Environment.CumulativeReward.sum": {
            "value": -17340.59984910488,
            "min": -17340.59984910488,
            "max": -17340.59984910488,
            "count": 1
        },
        "MyBehavior.Policy.ExtrinsicReward.mean": {
            "value": -4.732696465367053,
            "min": -4.732696465367053,
            "max": -4.732696465367053,
            "count": 1
        },
        "MyBehavior.Policy.ExtrinsicReward.sum": {
            "value": -17340.59984910488,
            "min": -17340.59984910488,
            "max": -17340.59984910488,
            "count": 1
        },
        "MyBehavior.Policy.GailReward.mean": {
            "value": 0.0,
            "min": 0.0,
            "max": 0.0,
            "count": 1
        },
        "MyBehavior.Policy.GailReward.sum": {
            "value": 0.0,
            "min": 0.0,
            "max": 0.0,
            "count": 1
        },
        "MyBehavior.Losses.PolicyLoss.mean": {
            "value": 0.023511970873611666,
            "min": 0.023511970873611666,
            "max": 0.023511970873611666,
            "count": 1
        },
        "MyBehavior.Losses.PolicyLoss.sum": {
            "value": 0.09404788349444666,
            "min": 0.09404788349444666,
            "max": 0.09404788349444666,
            "count": 1
        },
        "MyBehavior.Losses.ValueLoss.mean": {
            "value": 16225.553894042969,
            "min": 16225.553894042969,
            "max": 16225.553894042969,
            "count": 1
        },
        "MyBehavior.Losses.ValueLoss.sum": {
            "value": 64902.215576171875,
            "min": 64902.215576171875,
            "max": 64902.215576171875,
            "count": 1
        },
        "MyBehavior.Policy.LearningRate.mean": {
            "value": 0.00029487105170964995,
            "min": 0.00029487105170964995,
            "max": 0.00029487105170964995,
            "count": 1
        },
        "MyBehavior.Policy.LearningRate.sum": {
            "value": 0.0011794842068385998,
            "min": 0.0011794842068385998,
            "max": 0.0011794842068385998,
            "count": 1
        },
        "MyBehavior.Policy.Epsilon.mean": {
            "value": 0.19829035000000006,
            "min": 0.19829035000000006,
            "max": 0.19829035000000006,
            "count": 1
        },
        "MyBehavior.Policy.Epsilon.sum": {
            "value": 0.7931614000000002,
            "min": 0.7931614000000002,
            "max": 0.7931614000000002,
            "count": 1
        },
        "MyBehavior.Policy.Beta.mean": {
            "value": 0.004914688464999999,
            "min": 0.004914688464999999,
            "max": 0.004914688464999999,
            "count": 1
        },
        "MyBehavior.Policy.Beta.sum": {
            "value": 0.019658753859999996,
            "min": 0.019658753859999996,
            "max": 0.019658753859999996,
            "count": 1
        },
        "MyBehavior.Policy.GAILPolicyEstimate.mean": {
            "value": 9.821947667407992e-22,
            "min": 9.821947667407992e-22,
            "max": 9.821947667407992e-22,
            "count": 1
        },
        "MyBehavior.Policy.GAILPolicyEstimate.sum": {
            "value": 3.928779066963197e-21,
            "min": 3.928779066963197e-21,
            "max": 3.928779066963197e-21,
            "count": 1
        },
        "MyBehavior.Policy.GAILExpertEstimate.mean": {
            "value": 6.017291968801716e-22,
            "min": 6.017291968801716e-22,
            "max": 6.017291968801716e-22,
            "count": 1
        },
        "MyBehavior.Policy.GAILExpertEstimate.sum": {
            "value": 2.4069167875206863e-21,
            "min": 2.4069167875206863e-21,
            "max": 2.4069167875206863e-21,
            "count": 1
        },
        "MyBehavior.Losses.GAILLoss.mean": {
            "value": 16.11809539794922,
            "min": 16.11809539794922,
            "max": 16.11809539794922,
            "count": 1
        },
        "MyBehavior.Losses.GAILLoss.sum": {
            "value": 64.47238159179688,
            "min": 64.47238159179688,
            "max": 64.47238159179688,
            "count": 1
        },
        "MyBehavior.Policy.GAILGradMagLoss.mean": {
            "value": 9.993677139282227,
            "min": 9.993677139282227,
            "max": 9.993677139282227,
            "count": 1
        },
        "MyBehavior.Policy.GAILGradMagLoss.sum": {
            "value": 39.974708557128906,
            "min": 39.974708557128906,
            "max": 39.974708557128906,
            "count": 1
        },
        "MyBehavior.Losses.PretrainingLoss.mean": {
            "value": 11.442234317461649,
            "min": 11.442234317461649,
            "max": 11.442234317461649,
            "count": 1
        },
        "MyBehavior.Losses.PretrainingLoss.sum": {
            "value": 45.768937269846596,
            "min": 45.768937269846596,
            "max": 45.768937269846596,
            "count": 1
        },
        "MyBehavior.IsTraining.mean": {
            "value": 1.0,
            "min": 1.0,
            "max": 1.0,
            "count": 1
        },
        "MyBehavior.IsTraining.sum": {
            "value": 1.0,
            "min": 1.0,
            "max": 1.0,
            "count": 1
        }
    },
    "metadata": {
        "timer_format_version": "0.1.0",
        "start_time_seconds": "1685592290",
        "python_version": "3.9.13 (main, Aug 25 2022, 23:51:50) [MSC v.1916 64 bit (AMD64)]",
        "command_line_arguments": "C:\\Users\\Sushant\\Desktop\\Shooting Game\\game\\Scripts\\mlagents-learn config/hyper.yaml --force",
        "mlagents_version": "0.30.0",
        "mlagents_envs_version": "0.30.0",
        "communication_protocol_version": "1.5.0",
        "pytorch_version": "1.9.1+cu111",